ImH_true,ImH_pred
0.259,0.0162294
0.205,0.017088
0.231,0.0247442
0.21,0.0432962
0.206,0.0188974
0.187,0.0265653
0.223,0.0443805
0.236,0.0266453
0.187,0.0441805
0.204,0.0353379
