ImH_true,ImH_pred
0.259,0.0499733
0.205,0.140102
0.231,0.132975
0.21,0.0775318
0.206,0.188026
0.187,0.182672
0.223,0.144302
0.236,0.214786
0.187,0.175406
0.204,0.254598
