ImH_true,ImH_pred
0.204,0.230893
0.275,0.250638
0.302,0.252413
0.232,0.23779
0.281,0.23957
0.2,0.242128
0.204,0.226452
0.223,0.228259
0.213,0.230846
0.251,0.256933
0.188,0.258972
0.227,0.2393
0.282,0.240781
0.257,0.242852
0.209,0.225727
0.259,0.227825
